"X3sources","A549","BBCSport"
0.161938362336739,0.223567736835321,0.148926681894304
