"","phi","f_score","rec","rel","BiS"
"1",200,0.875389758025226,0.875389758025226,0.875389758025226,0.412419805885793
